G90G54,M198P1,M198P2,M198P3,M198P4,M198P5,M198P6,M198P7,M198P8,M198P9,M198P10,M198P11,M198P12,M198P13,M198P14,M198P15,M198P16,M198P17,M198P18,M198P19,M198P20,
G90G55,M198P1,M198P2,M198P3,M198P4,M198P5,M198P6,M198P7,M198P8,M198P9,M198P10,M198P11,M198P12,M198P13,M198P14,M198P15,M198P16,M198P17,M198P18,M198P19,M198P20,
G90G56,M198P1,M198P2,M198P3,M198P4,M198P5,M198P6,M198P7,M198P8,M198P9,M198P10,M198P11,M198P12,M198P13,M198P14,M198P15,M198P16,M198P17,M198P18,M198P19,M198P20,
G90G57,M198P1,M198P2,M198P3,M198P4,M198P5,M198P6,M198P7,M198P8,M198P9,M198P10,M198P11,M198P12,M198P13,M198P14,M198P15,M198P16,M198P17,M198P18,M198P19,M198P20,
G90G58,M198P1,M198P2,M198P3,M198P4,M198P5,M198P6,M198P7,M198P8,M198P9,M198P10,M198P11,M198P12,M198P13,M198P14,M198P15,M198P16,M198P17,M198P18,M198P19,M198P20,
G90G59,M198P1,M198P2,M198P3,M198P4,M198P5,M198P6,M198P7,M198P8,M198P9,M198P10,M198P11,M198P12,M198P13,M198P14,M198P15,M198P16,M198P17,M198P18,M198P19,M198P20,
G90G54.1P1,M198P1,M198P2,M198P3,M198P4,M198P5,M198P6,M198P7,M198P8,M198P9,M198P10,M198P11,M198P12,M198P13,M198P14,M198P15,M198P16,M198P17,M198P18,M198P19,M198P20,
G90G54.1P2,M198P1,M198P2,M198P3,M198P4,M198P5,M198P6,M198P7,M198P8,M198P9,M198P10,M198P11,M198P12,M198P13,M198P14,M198P15,M198P16,M198P17,M198P18,M198P19,M198P20,
G90G54.1P3,M198P1,M198P2,M198P3,M198P4,M198P5,M198P6,M198P7,M198P8,M198P9,M198P10,M198P11,M198P12,M198P13,M198P14,M198P15,M198P16,M198P17,M198P18,M198P19,M198P20,
G90G54.1P4,M198P1,M198P2,M198P3,M198P4,M198P5,M198P6,M198P7,M198P8,M198P9,M198P10,M198P11,M198P12,M198P13,M198P14,M198P15,M198P16,M198P17,M198P18,M198P19,M198P20,
G90G54.1P5,M198P1,M198P2,M198P3,M198P4,M198P5,M198P6,M198P7,M198P8,M198P9,M198P10,M198P11,M198P12,M198P13,M198P14,M198P15,M198P16,M198P17,M198P18,M198P19,M198P20,
G90G54.1P6,M198P1,M198P2,M198P3,M198P4,M198P5,M198P6,M198P7,M198P8,M198P9,M198P10,M198P11,M198P12,M198P13,M198P14,M198P15,M198P16,M198P17,M198P18,M198P19,M198P20,
G90G54.1P7,M198P1,M198P2,M198P3,M198P4,M198P5,M198P6,M198P7,M198P8,M198P9,M198P10,M198P11,M198P12,M198P13,M198P14,M198P15,M198P16,M198P17,M198P18,M198P19,M198P20,
G90G54.1P8,M198P1,M198P2,M198P3,M198P4,M198P5,M198P6,M198P7,M198P8,M198P9,M198P10,M198P11,M198P12,M198P13,M198P14,M198P15,M198P16,M198P17,M198P18,M198P19,M198P20,
G90G54.1P9,M198P1,M198P2,M198P3,M198P4,M198P5,M198P6,M198P7,M198P8,M198P9,M198P10,M198P11,M198P12,M198P13,M198P14,M198P15,M198P16,M198P17,M198P18,M198P19,M198P20,
G90G54.1P10,M198P1,M198P2,M198P3,M198P4,M198P5,M198P6,M198P7,M198P8,M198P9,M198P10,M198P11,M198P12,M198P13,M198P14,M198P15,M198P16,M198P17,M198P18,M198P19,M198P20,
G90G54.1P11,M198P1,M198P2,M198P3,M198P4,M198P5,M198P6,M198P7,M198P8,M198P9,M198P10,M198P11,M198P12,M198P13,M198P14,M198P15,M198P16,M198P17,M198P18,M198P19,M198P20,
G90G54.1P12,M198P1,M198P2,M198P3,M198P4,M198P5,M198P6,M198P7,M198P8,M198P9,M198P10,M198P11,M198P12,M198P13,M198P14,M198P15,M198P16,M198P17,M198P18,M198P19,M198P20,
G90G54.1P13,M198P1,M198P2,M198P3,M198P4,M198P5,M198P6,M198P7,M198P8,M198P9,M198P10,M198P11,M198P12,M198P13,M198P14,M198P15,M198P16,M198P17,M198P18,M198P19,M198P20,
G90G54.1P14,M198P1,M198P2,M198P3,M198P4,M198P5,M198P6,M198P7,M198P8,M198P9,M198P10,M198P11,M198P12,M198P13,M198P14,M198P15,M198P16,M198P17,M198P18,M198P19,M198P20,
G90G54.1P15,M198P1,M198P2,M198P3,M198P4,M198P5,M198P6,M198P7,M198P8,M198P9,M198P10,M198P11,M198P12,M198P13,M198P14,M198P15,M198P16,M198P17,M198P18,M198P19,M198P20,
G90G54.1P16,M198P1,M198P2,M198P3,M198P4,M198P5,M198P6,M198P7,M198P8,M198P9,M198P10,M198P11,M198P12,M198P13,M198P14,M198P15,M198P16,M198P17,M198P18,M198P19,M198P20,
G90G54.1P17,M198P1,M198P2,M198P3,M198P4,M198P5,M198P6,M198P7,M198P8,M198P9,M198P10,M198P11,M198P12,M198P13,M198P14,M198P15,M198P16,M198P17,M198P18,M198P19,M198P20,
G90G54.1P18,M198P1,M198P2,M198P3,M198P4,M198P5,M198P6,M198P7,M198P8,M198P9,M198P10,M198P11,M198P12,M198P13,M198P14,M198P15,M198P16,M198P17,M198P18,M198P19,M198P20,
G90G54.1P19,M198P1,M198P2,M198P3,M198P4,M198P5,M198P6,M198P7,M198P8,M198P9,M198P10,M198P11,M198P12,M198P13,M198P14,M198P15,M198P16,M198P17,M198P18,M198P19,M198P20,
G90G54.1P20,M198P1,M198P2,M198P3,M198P4,M198P5,M198P6,M198P7,M198P8,M198P9,M198P10,M198P11,M198P12,M198P13,M198P14,M198P15,M198P16,M198P17,M198P18,M198P19,M198P20,
G90G54.1P21,M198P1,M198P2,M198P3,M198P4,M198P5,M198P6,M198P7,M198P8,M198P9,M198P10,M198P11,M198P12,M198P13,M198P14,M198P15,M198P16,M198P17,M198P18,M198P19,M198P20,
G90G54.1P22,M198P1,M198P2,M198P3,M198P4,M198P5,M198P6,M198P7,M198P8,M198P9,M198P10,M198P11,M198P12,M198P13,M198P14,M198P15,M198P16,M198P17,M198P18,M198P19,M198P20,
G90G54.1P23,M198P1,M198P2,M198P3,M198P4,M198P5,M198P6,M198P7,M198P8,M198P9,M198P10,M198P11,M198P12,M198P13,M198P14,M198P15,M198P16,M198P17,M198P18,M198P19,M198P20,
G90G54.1P24,M198P1,M198P2,M198P3,M198P4,M198P5,M198P6,M198P7,M198P8,M198P9,M198P10,M198P11,M198P12,M198P13,M198P14,M198P15,M198P16,M198P17,M198P18,M198P19,M198P20,
G90G54.1P25,M198P1,M198P2,M198P3,M198P4,M198P5,M198P6,M198P7,M198P8,M198P9,M198P10,M198P11,M198P12,M198P13,M198P14,M198P15,M198P16,M198P17,M198P18,M198P19,M198P20,
G90G54.1P26,M198P1,M198P2,M198P3,M198P4,M198P5,M198P6,M198P7,M198P8,M198P9,M198P10,M198P11,M198P12,M198P13,M198P14,M198P15,M198P16,M198P17,M198P18,M198P19,M198P20,
G90G54.1P27,M198P1,M198P2,M198P3,M198P4,M198P5,M198P6,M198P7,M198P8,M198P9,M198P10,M198P11,M198P12,M198P13,M198P14,M198P15,M198P16,M198P17,M198P18,M198P19,M198P20,
G90G54.1P28,M198P1,M198P2,M198P3,M198P4,M198P5,M198P6,M198P7,M198P8,M198P9,M198P10,M198P11,M198P12,M198P13,M198P14,M198P15,M198P16,M198P17,M198P18,M198P19,M198P20,
G90G54.1P29,M198P1,M198P2,M198P3,M198P4,M198P5,M198P6,M198P7,M198P8,M198P9,M198P10,M198P11,M198P12,M198P13,M198P14,M198P15,M198P16,M198P17,M198P18,M198P19,M198P20,
G90G54.1P30,M198P1,M198P2,M198P3,M198P4,M198P5,M198P6,M198P7,M198P8,M198P9,M198P10,M198P11,M198P12,M198P13,M198P14,M198P15,M198P16,M198P17,M198P18,M198P19,M198P20,
